"Response ID","Time Started","Date Submitted","Status","Contact ID","Legacy Comments","Comments","Language","Referer","Extended Referer","SessionID","User Agent","Extended User Agent","IP Address","Longitude","Latitude","Country","City","Region","Postal","I, the participant, have read the Letter of Information and the nature of the study is clear to me. By checking the box to the left, I agree to participate in this study.:Informed consent:","Listen to the following audio clips. How similar are they? Your browser does not support the audio element.  Your browser does not support the audio element.","How confident are you with the rating you just gave?","Listen to the following audio clips. How similar are they? Your browser does not support the audio element.  Your browser does not support the audio element.","How confident are you with the rating you just gave?","Listen to the following audio clips. How similar are they? Your browser does not support the audio element.  Your browser does not support the audio element.","How confident are you with the rating you just gave?","Listen to the following audio clips. How similar are they? Your browser does not support the audio element.  Your browser does not support the audio element.","How confident are you with the rating you just gave?","Listen to the following audio clips. How similar are they? Your browser does not support the audio element.  Your browser does not support the audio element.","How confident are you with the rating you just gave?","Listen to the following audio clips. How similar are they? Your browser does not support the audio element.  Your browser does not support the audio element.","How confident are you with the rating you just gave?","Listen to the following audio clips. How similar are they? Your browser does not support the audio element.  Your browser does not support the audio element.","How confident are you with the rating you just gave?","Listen to the following audio clips. How similar are they? Your browser does not support the audio element.  Your browser does not support the audio element.","How confident are you with the rating you just gave?","Listen to the following audio clips. How similar are they? Your browser does not support the audio element.  Your browser does not support the audio element.","How confident are you with the rating you just gave?","Listen to the following audio clips. How similar are they? Your browser does not support the audio element.  Your browser does not support the audio element.","How confident are you with the rating you just gave?","Listen to the following audio clips. How similar are they? Your browser does not support the audio element.  Your browser does not support the audio element.","How confident are you with the rating you just gave?","Listen to the following audio clips. How similar are they? Your browser does not support the audio element.  Your browser does not support the audio element.","How confident are you with the rating you just gave?","Listen to the following audio clips. How similar are they? Your browser does not support the audio element.  Your browser does not support the audio element.","How confident are you with the rating you just gave?","Listen to the following audio clips. How similar are they? Your browser does not support the audio element.  Your browser does not support the audio element.","How confident are you with the rating you just gave?","Listen to the following audio clips. How similar are they? Your browser does not support the audio element.  Your browser does not support the audio element.","How confident are you with the rating you just gave?","Listen to the following audio clips. How similar are they? Your browser does not support the audio element.  Your browser does not support the audio element.","How confident are you with the rating you just gave?","Listen to the following audio clips. How similar are they? Your browser does not support the audio element.  Your browser does not support the audio element.","How confident are you with the rating you just gave?","Listen to the following audio clips. How similar are they? Your browser does not support the audio element.  Your browser does not support the audio element.","How confident are you with the rating you just gave?","What is your age?","What is your gender?","Have you had formal musical training?","At what age did you start your musical training?","In what musical style did you receive your main musical training (e.g., classical, jazz, pop, etc.) If it was in more than one style, separate them with commas.","What instruments do you play? If you play more than one instrument, separate them with commas.","Do you work with music professionally?","What do you do?","How familiar are you with Electronic Dance Music?","Listener:How would you define yourself when it comes to Electronic Dance Music? Select all that apply.","Musician/Producer:How would you define yourself when it comes to Electronic Dance Music? Select all that apply.","DJ:How would you define yourself when it comes to Electronic Dance Music? Select all that apply.","Other:How would you define yourself when it comes to Electronic Dance Music? Select all that apply.","Other:How would you define yourself when it comes to Electronic Dance Music? Select all that apply.","UK Garage:What is your favorite EDM sub-genre? Select all that apply.","Techno:What is your favorite EDM sub-genre? Select all that apply.","Trance:What is your favorite EDM sub-genre? Select all that apply.","Dubstep:What is your favorite EDM sub-genre? Select all that apply.","Breakbeat:What is your favorite EDM sub-genre? Select all that apply.","Electro:What is your favorite EDM sub-genre? Select all that apply.","House:What is your favorite EDM sub-genre? Select all that apply.","Drum and Bass:What is your favorite EDM sub-genre? Select all that apply.","Other:What is your favorite EDM sub-genre? Select all that apply.","Other:What is your favorite EDM sub-genre? Select all that apply.","Rock:What is your favorite musical genre? Select all that apply.","Electronic:What is your favorite musical genre? Select all that apply.","Jazz/Blues:What is your favorite musical genre? Select all that apply.","Pop:What is your favorite musical genre? Select all that apply.","Classical:What is your favorite musical genre? Select all that apply.","World Music:What is your favorite musical genre? Select all that apply.","Other:What is your favorite musical genre? Select all that apply.","Other:What is your favorite musical genre? Select all that apply.","Headphones:While rating the pairs of musical segments, what did you use to play the audio? Select all that apply.","Earbuds:While rating the pairs of musical segments, what did you use to play the audio? Select all that apply.","Laptop speakers:While rating the pairs of musical segments, what did you use to play the audio? Select all that apply.","External speakers:While rating the pairs of musical segments, what did you use to play the audio? Select all that apply.","Professional monitors:While rating the pairs of musical segments, what did you use to play the audio? Select all that apply.","Other:While rating the pairs of musical segments, what did you use to play the audio? Select all that apply.","Other:While rating the pairs of musical segments, what did you use to play the audio? Select all that apply.","What strategy did you use to rate the similarity of the music segments? This doesn't have to be very thorough, but please mention what helped you during the task. If you used more than one strategy, separate them with commas.","What would you say is the percentage of songs presented that you knew before taking this experiment?","Do you have any further comments about the experiment? Please provide us with your feedback!","Would you like to be contacted in the future to take part in music-related experiments?","Please write your email here:"
"2","2014-05-07 11:56:03","2014-05-07 12:54:38","Complete",,,,"English","http://www.reddit.com/","http://www.reddit.com/","1399478163_536a5793eaaea0.83992945","Mozilla/5.0 (Macintosh; Intel Mac OS X 10_9_2) AppleWebKit/537.36 (KHTML, like Gecko) Chrome/34.0.18","Mozilla/5.0 (Macintosh; Intel Mac OS X 10_9_2) AppleWebKit/537.36 (KHTML, like Gecko) Chrome/34.0.1847.131 Safari/537.36","189.60.240.95","-43.233299","-22.9","Brazil","Rio De Janeiro","21",,"1","2","3","1","3","1","3","1","3","3","3","1","3","1","3","2","3","1","3","1","3","2","3","2","3","1","3","3","3","2","3","4","3","1","3","2","3","27","Male","No",,,,"No",,"Familiar with it","Listener",,,,,,,,,"Breakbeat","Electro",,,,,"Rock",,,,"Classical",,,,,,"Laptop speakers",,,,,,"Less than 10%",,"No",
"5","2014-05-07 14:12:25","2014-05-07 14:21:38","Complete",,,,"English","http://www.reddit.com/?count=25&after=t3_24y4ky","http://www.reddit.com/?count=25&after=t3_24y4ky","1399486345_536a77893fc278.16122557","Mozilla/5.0 (Windows NT 6.3; WOW64; rv:29.0) Gecko/20100101 Firefox/29.0","Mozilla/5.0 (Windows NT 6.3; WOW64; rv:29.0) Gecko/20100101 Firefox/29.0","107.3.168.45","-122.102097","37.0448","United States","Santa Cruz","CA","95060","1","1","3","1","3","1","3","1","3","3","3","1","3","1","3","1","3","1","3","1","3","2","3","1","3","1","3","2","3","1","3","3","3","1","3","1","3","21","Male","No","10",,,"No",,"Very familiar with it","Listener","Musician/Producer",,,,"UK Garage",,,,"Breakbeat",,,,"other","downtempo",,"Electronic",,,,,,,,,"Laptop speakers",,,,,"comparing general styles","More than 30%",,"No",
"6","2014-05-07 14:50:22","2014-05-07 15:01:47","Complete",,,,"English","http://www.reddit.com/?count=25&after=t3_24ygn8","http://www.reddit.com/?count=25&after=t3_24ygn8","1399488622_536a806ee7ca17.60985289","Mozilla/5.0 (Macintosh; Intel Mac OS X 10.8; rv:29.0) Gecko/20100101 Firefox/29.0","Mozilla/5.0 (Macintosh; Intel Mac OS X 10.8; rv:29.0) Gecko/20100101 Firefox/29.0","24.63.88.131","-70.857803","42.5653","United States","Beverly","MA","01915","1","3","3","1","3","1","3","3","3","3","3","1","3","1","3","3","3","1","3","1","3","3","3","1","3","1","3","1","3","2","2","3","3","2","3","2","3","30","Male","Yes","14","pop, rock","Guitar","Yes","Performer","Familiar with it","Listener",,,,,,,,,,,,,"other","None of above",,,,,,,"other","Singer Songwriter",,,"Laptop speakers",,,,,"Tempo, Instrumentation, Time signature, mood, volume","10% to 20%",,"No",
"7","2014-05-07 15:52:22","2014-05-07 16:20:53","Complete",,,,"English","http://www.reddit.com/r/SampleSize/new/","http://www.reddit.com/r/SampleSize/new/","1399492342_536a8ef6305a71.37777133","Mozilla/5.0 (Windows NT 6.3; WOW64; rv:29.0) Gecko/20100101 Firefox/29.0","Mozilla/5.0 (Windows NT 6.3; WOW64; rv:29.0) Gecko/20100101 Firefox/29.0","67.168.117.150","-117.378502","47.6567","United States","Spokane","WA","99202","1","1","3","1","3","2","3","1","3","3","3","1","3","1","3","1","3","1","3","1","3","1","3","1","3","1","3","3","3","3","3","2","3","1","3","1","3","23","Male","Yes","10","Classical","Violin","No",,"Very familiar with it","Listener",,,,,,"Techno","Trance",,,,,,"other","chillstep, chiptune, happy hardcore, eurobeat, eurodance, neue deutsche h√§rte, electro-industrial","Rock","Electronic",,"Pop","Classical","World Music",,,,,"Laptop speakers",,,,,"Familiarity with the genre","Less than 10%",,"No",
"13","2014-05-08 01:08:14","2014-05-08 01:14:06","Complete",,,,"English","http://www.reddit.com/","http://www.reddit.com/","1399525694_536b113e774a06.31290444","Mozilla/5.0 (Windows NT 6.1; WOW64) AppleWebKit/537.36 (KHTML, like Gecko) Chrome/34.0.1847.131 Safa","Mozilla/5.0 (Windows NT 6.1; WOW64) AppleWebKit/537.36 (KHTML, like Gecko) Chrome/34.0.1847.131 Safari/537.36","69.132.4.159","-80.785896","35.217999","United States","Charlotte","NC","28205","1","1","1","1","1","1","1","1","1","1","3","1","1","1","1","1","1","1","2","1","1","1","1","1","2","1","3","1","1","1","1","1","1","1","1","1","1","74","Female","Yes","8","Rockabilly","Kazoo, Recorder, Ocarina, Sitar, Bagpipes","Yes","I work with music professionally","Very familiar with it",,"Musician/Producer","DJ","other","Professional",,"Techno","Trance","Dubstep",,"Electro","House","Drum and Bass",,,"Rock",,,"Pop","Classical","World Music",,,,"Earbuds",,"External speakers","Professional monitors",,,"My strategy consisted of playing one clip, followed by playing the second clip.  At the end of the second clip, I would re-strategize my strategy into selecting how similar the clips were and my confidence in my selection.","20% to 30%","Waste of time","No",
"15","2014-05-08 04:03:19","2014-05-08 06:16:08","Complete",,,,"English","http://www.reddit.com/","http://www.reddit.com/","1399536199_536b3a47718b40.06059893","Mozilla/5.0 (Windows NT 6.1; WOW64; rv:24.0) Gecko/20140325 Firefox/24.0","Mozilla/5.0 (Windows NT 6.1; WOW64; rv:24.0) Gecko/20140325 Firefox/24.0","91.102.12.2","13.3922","52.532001","Germany","Berlin","16","10115","1","1","3","3","2","1","3","2","3","4","2","1","3","3","3","4","2","1","3","4","3","1","3","1","3","1","3","2","2","2","2","4","2","4","2","1","3","29","Male","Yes","18","blues, traditional irish","guitar, drums","No",,"Very familiar with it","Listener","Musician/Producer",,,,,,,"Dubstep",,,,"Drum and Bass",,,"Rock","Electronic","Jazz/Blues",,,"World Music",,,"Headphones","Earbuds","Laptop speakers","External speakers",,,,"tempo, sound palette, time signature.","20% to 30%","A track listing would be nice : ) ","Yes","iheartcider@gmail.com"
"16","2014-05-08 18:51:25","2014-05-08 19:11:55","Complete",,,,"English",,,"1399589485_536c0a6d0d0214.32203340","Mozilla/5.0 (Macintosh; Intel Mac OS X 10_7_5) AppleWebKit/537.75.14 (KHTML, like Gecko) Version/6.1","Mozilla/5.0 (Macintosh; Intel Mac OS X 10_7_5) AppleWebKit/537.75.14 (KHTML, like Gecko) Version/6.1.3 Safari/537.75.14","82.20.14.81","0.1626","51.540001","United Kingdom","Dagenham","A1","RM10","1","3","3","2","3","1","3","3","3","3","2","1","3","2","3","3","3","1","3","2","2","2","2","1","3","1","3","3","3","2","3","3","3","1","3","3","2","27","Male","Yes","5","Classical","Piano, guitar","No",,"Familiar with it","Listener",,,,,,,,,"Breakbeat",,,,,,,"Electronic",,,"Classical",,,,"Headphones",,,,,,,"Comparing the emotional feel, comparing the instruments and overall sound style, repetitive or non melodic vs progressing chords or melodies","20% to 30%","It took me a few questions to understand how broad the scale from dissimilar to similar would be.","Yes","david@davidmear.com"
"20","2014-05-16 13:57:24","2014-05-16 14:10:43","Complete",,,,"English","http://www.reddit.com/r/musiccognition","http://www.reddit.com/r/musiccognition","1400263044_53765184d90cd0.01787755","Mozilla/5.0 (Macintosh; Intel Mac OS X 10_8_5) AppleWebKit/537.36 (KHTML, like Gecko) Chrome/34.0.18","Mozilla/5.0 (Macintosh; Intel Mac OS X 10_8_5) AppleWebKit/537.36 (KHTML, like Gecko) Chrome/34.0.1847.131 Safari/537.36","67.164.96.72","-122.415604","37.748402","United States","San Francisco","CA","94110","1","2","3","2","3","1","3","4","3","4","3","1","3","1","3","4","3","1","3","2","3","2","3","2","3","1","3","3","3","1","3","4","3","2","3","2","3","35","Male","Yes","10","american folk, rock","guitar","Yes","radio","Very familiar with it","Listener","Musician/Producer",,,,,,,,,,,"Drum and Bass","other","IDM","Rock","Electronic","Jazz/Blues",,,,,,,"Earbuds",,,,,,"Tempo, beat type (4 on floor, breaks, etc), synthesizer timbers","More than 30%",,"No",
"21","2014-05-17 03:10:15","2014-05-17 03:33:48","Complete",,,,"English",,,"1400310615_53770b5748a256.33687135","Mozilla/5.0 (iPhone; CPU iPhone OS 7_1 like Mac OS X) AppleWebKit/537.51.2 (KHTML, like Gecko) Versi","Mozilla/5.0 (iPhone; CPU iPhone OS 7_1 like Mac OS X) AppleWebKit/537.51.2 (KHTML, like Gecko) Version/7.0 Mobile/11D167 Safari/9537.53","70.199.139.186","-122.234802","47.380901","United States","Kent","WA",,"1","4","3","2","2","1","3","3","3","2","3","1","3","3","2","2","2","1","3","3","3","3","2","3","3","1","3","1","3","2","3","4","3","3","2","4","3","35","Female","Yes","10","Choral, western classical, Hindustani classical, Rabindrasangeet","Keyboards, harmonium","Yes","Singer","Very familiar with it","Listener",,,,,"UK Garage",,,"Dubstep",,,"House","Drum and Bass",,,"Rock","Electronic","Jazz/Blues","Pop","Classical","World Music",,,,"Earbuds",,,,,,"Genre, previous knowledge of a few of the tracks, bpm, timbre, general feel","20% to 30%","Some tracks were difficult to load on iPhone and I had to restart them a few times ","Yes","Triliana@gmail.com"
"23","2014-05-18 07:38:29","2014-05-18 07:52:55","Complete",,,,"English",,,"1400413109_53789bb5e135e6.60244579","Mozilla/5.0 (Windows NT 6.1; WOW64; rv:29.0) Gecko/20100101 Firefox/29.0","Mozilla/5.0 (Windows NT 6.1; WOW64; rv:29.0) Gecko/20100101 Firefox/29.0","99.49.57.154","-86.127602","39.678902","United States","Indianapolis","IN","46227","1","2","3","3","3","1","3","2","3","2","3","2","3","3","3","3","3","1","3","3","3","3","3","2","3","1","3","3","3","1","3","4","3","2","2","2","3","78","Female","No",,,,"No",,"Very familiar with it","Listener",,"DJ",,,,"Techno",,,,,"House",,,,,"Electronic","Jazz/Blues",,"Classical",,"other","Death Metal",,,"Laptop speakers",,,,,"kick drum pattern, hi hats, vocals.","10% to 20%",,"No",
"24","2014-05-19 11:46:33","2014-05-19 12:06:00","Complete",,,,"English",,,"1400514393_537a2759442776.04479225","Mozilla/5.0 (Macintosh; Intel Mac OS X 10_9_2) AppleWebKit/537.75.14 (KHTML, like Gecko) Version/7.0","Mozilla/5.0 (Macintosh; Intel Mac OS X 10_9_2) AppleWebKit/537.75.14 (KHTML, like Gecko) Version/7.0.3 Safari/537.75.14","62.195.32.205","4.9167","52.349998","Netherlands","Amsterdam","07",,"1","2","3","2","3","1","3","2","3","1","3","1","3","2","3","1","3","1","3","1","3","1","3","2","3","1","3","3","3","1","3","3","3","2","3","3","3","23","Female","No",,,,"No",,"Familiar with it","Listener",,,,,,"Techno",,,,,,,,,,,,,,,"other","80's and 90's hits",,"Earbuds",,,,,,"Listen to the rhythm and the beat","Less than 10%","I thought that similar was that the two songs were the same, but that never happened so that why I don't have anything with marked as similar. ","No",
"25","2014-05-19 12:07:12","2014-05-19 12:19:07","Complete",,,,"English",,,"1400515632_537a2c306a89f1.67920275","Mozilla/5.0 (Windows NT 6.2; WOW64) AppleWebKit/537.36 (KHTML, like Gecko) Chrome/34.0.1847.137 Safa","Mozilla/5.0 (Windows NT 6.2; WOW64) AppleWebKit/537.36 (KHTML, like Gecko) Chrome/34.0.1847.137 Safari/537.36","92.108.82.28","4.9167","52.349998","Netherlands","Amsterdam","07",,"1","3","3","3","2","1","3","2","3","2","3","1","3","1","3","3","2","3","2","1","3","1","3","1","3","1","3","1","3","1","3","4","3","1","3","1","3","23","Male","No",,,,"No",,"Very familiar with it","Listener",,,,,,"Techno",,,,,,,,,,"Electronic",,,,,,,"Headphones",,,,,,,"rhytm, genre, baseline","More than 30%",,"No",
"26","2014-05-19 12:00:25","2014-05-19 15:34:48","Complete",,,,"English",,,"1400515225_537a2a99926392.10621116","Mozilla/5.0 (Macintosh; Intel Mac OS X 10_9_2) AppleWebKit/537.36 (KHTML, like Gecko) Chrome/34.0.18","Mozilla/5.0 (Macintosh; Intel Mac OS X 10_9_2) AppleWebKit/537.36 (KHTML, like Gecko) Chrome/34.0.1847.137 Safari/537.36","75.50.103.190","-118.243698","34.0522","United States","Los Angeles","CA",,"1","2","3","1","2","1","3","2","3","2","3","1","3","1","3","2","3","1","3","3","3","1","3","1","3","1","3","2","3","1","3","3","3","2","3","3","3","27","Male","Yes","8","rock","guitar, bass, drums, keys, etc","Yes","musician","Familiar with it","Listener",,,,,,"Techno",,,,"Electro",,"Drum and Bass",,,"Rock","Electronic","Jazz/Blues","Pop",,,,,"Headphones",,,,,,,"bpm, beat, sounds, predictability","10% to 20%",,"Yes","nilsbryant@gmail.com"
"27","2014-05-20 04:12:23","2014-05-20 04:25:13","Complete",,,,"English",,,"1400573543_537b0e674a1f66.23925512","Mozilla/5.0 (Macintosh; Intel Mac OS X 10_9_3) AppleWebKit/537.75.14 (KHTML, like Gecko) Version/7.0","Mozilla/5.0 (Macintosh; Intel Mac OS X 10_9_3) AppleWebKit/537.75.14 (KHTML, like Gecko) Version/7.0.3 Safari/537.75.14","77.168.126.72","5.1799","52.231899","Netherlands","Hilversum","07",,"1","1","3","3","3","1","3","2","2","3","2","1","1","2","3","3","3","1","3","2","3","1","2","4","3","1","3","2","3","3","2","4","3","1","3","2","2","34","Male","Yes","8","classical","voice,piano","Yes","singer,researcher","Familiar with it","Listener",,,,,,,,,,,,,,,,"Electronic",,,"Classical","World Music",,,"Headphones",,,,,,,"timbre","Less than 10%",,"No",
"30","2014-05-20 19:37:22","2014-05-20 19:54:26","Complete",,,,"English","http://www.reddit.com/r/musiccognition","http://www.reddit.com/r/musiccognition","1400629042_537be732435624.17631833","Mozilla/5.0 (Macintosh; Intel Mac OS X 10_8_4) AppleWebKit/536.30.1 (KHTML, like Gecko) Version/6.0.","Mozilla/5.0 (Macintosh; Intel Mac OS X 10_8_4) AppleWebKit/536.30.1 (KHTML, like Gecko) Version/6.0.5 Safari/536.30.1","24.23.27.231","-121.4944","38.5816","United States","Sacramento","CA",,"1","1","3","1","3","1","3","1","3","1","3","1","3","2","3","1","3","1","3","1","3","2","3","2","3","1","3","2","3","1","3","3","3","2","3","2","3","24","Male","No",,,,"No",,"Somewhat familiar with it","Listener",,,,,,,,,,,,,,,"Rock","Electronic","Jazz/Blues","Pop","Classical",,,,,,"Laptop speakers",,,,,"listening for similar rhythms, similar tempos, similar textures, a similar level of repetitiveness, or a similar sense of progression","Less than 10%",,"No",
"35","2014-05-21 14:13:19","2014-05-21 14:36:52","Complete",,,,"English",,,"1400695999_537cecbf20b022.61904612","Mozilla/5.0 (Windows NT 6.3; WOW64; rv:29.0) Gecko/20100101 Firefox/29.0","Mozilla/5.0 (Windows NT 6.3; WOW64; rv:29.0) Gecko/20100101 Firefox/29.0","189.205.93.155","-99.138603","19.4342","Mexico","Mexico","09",,"1","1","3","3","3","1","3","3","3","3","3","1","3","1","3","2","3","3","3","3","2","1","3","1","3","2","2","3","3","3","3","2","3","4","3","1","2","30","Male","No",,,,"No",,"Familiar with it","Listener",,,,,,"Techno","Trance",,,,"House",,,,"Rock","Electronic","Jazz/Blues","Pop",,"World Music",,,,"Earbuds",,,,,,"Listen to the beats and the rythm","10% to 20%","Some of the segments where very similar almost as if was the same song just a little faster/slower","No",
"36","2014-05-23 12:03:25","2014-05-23 12:27:01","Complete",,,,"English",,,"1400861005_537f714da8e5e3.79589469","Mozilla/5.0 (Windows NT 6.0; WOW64) AppleWebKit/537.36 (KHTML, like Gecko) Chrome/34.0.1847.137 Safa","Mozilla/5.0 (Windows NT 6.0; WOW64) AppleWebKit/537.36 (KHTML, like Gecko) Chrome/34.0.1847.137 Safari/537.36","207.47.233.86","-104.6828","50.472198","Canada","Regina","SK","S4X","1","2","3","2","3","1","3","2","3","2","3","1","3","2","3","3","3","1","3","1","3","1","3","1","3","1","3","1","3","1","3","4","3","2","3","1","3","49","Male","Yes","10","pop","saxaphone","No",,"Very familiar with it","Listener",,"DJ","other","Promoter","UK Garage","Techno",,"Dubstep","Breakbeat","Electro","House","Drum and Bass","other","Grime, Footwork",,"Electronic",,,,"World Music",,,,"Earbuds",,,,,,"If they would mix well together while djing to a particular crowd.","10% to 20%",,"No",
"38","2014-05-24 05:41:00","2014-05-24 06:03:48","Complete",,,,"English",,,"1400924460_5380692c307d21.83090003","Mozilla/5.0 (Macintosh; Intel Mac OS X 10.9; rv:29.0) Gecko/20100101 Firefox/29.0","Mozilla/5.0 (Macintosh; Intel Mac OS X 10.9; rv:29.0) Gecko/20100101 Firefox/29.0","82.173.131.35","4.9167","52.349998","Netherlands","Amsterdam","07",,"1","2","2","3","2","1","3","3","2","4","3","1","2","2","2","2","2","1","3","2","2","3","2","3","2","1","3","2","2","1","2","4","3","3","2","1","3","36","Male","Yes","8","classical","clarinet","No",,"Not familiar with it",,,,,,,,,,,,,,,,,,,,"Classical",,,,"Headphones",,,,,,,"regular vs irregular beat, fast vs slow, dense vs almost empty","Less than 10%","Found it quite hard. During the questionnaire started to think pieces were increasingly similar. Maybe a few pre-defined metrics to judge could have helped.","No",
"39","2014-05-24 08:32:51","2014-05-24 08:44:43","Complete",,,,"English",,,"1400934770_53809172f15745.13227316","Mozilla/5.0 (Windows NT 6.1; WOW64) AppleWebKit/537.36 (KHTML, like Gecko) Chrome/34.0.1847.137 Safa","Mozilla/5.0 (Windows NT 6.1; WOW64) AppleWebKit/537.36 (KHTML, like Gecko) Chrome/34.0.1847.137 Safari/537.36","2.120.231.168","-0.15","50.833302","United Kingdom","Brighton","B6",,"1","2","2","2","3","1","3","2","3","3","2","1","3","3","3","1","3","1","3","1","3","1","3","2","3","1","3","2","2","1","3","3","3","2","3","1","3","18","Male","No",,,,"No",,"Very familiar with it","Listener",,"DJ",,,"UK Garage","Techno",,,,,"House",,,,,"Electronic",,,,,,,,,,"External speakers",,,,"Drum beats, Melody,  General vibe - e.g dark/moody vs upbeat  BPM","10% to 20%",,"Yes","benagr54@googlemail.com"
"41","2014-05-26 08:29:12","2014-05-26 09:33:13","Complete",,,,"English","https://www.facebook.com/","https://www.facebook.com/","1401107352_538333981e9244.81452320","Mozilla/5.0 (Macintosh; Intel Mac OS X 10_8_5) AppleWebKit/537.75.14 (KHTML, like Gecko) Version/6.1","Mozilla/5.0 (Macintosh; Intel Mac OS X 10_8_5) AppleWebKit/537.75.14 (KHTML, like Gecko) Version/6.1.3 Safari/537.75.14","62.163.151.100","4.9167","52.349998","Netherlands","Amsterdam","07",,"1","1","3","2","2","1","3","3","2","1","2","1","3","1","3","1","2","1","3","3","2","2","2","1","3","1","3","3","2","1","3","3","3","1","3","2","2","37","Female","No",,,,"No",,"Somewhat familiar with it","Listener",,,,,,,,,,,,"Drum and Bass",,,,,,"Pop",,,"other","soul, country","Headphones",,,,,,,"I listened to rhythm first, if this was similar, I tried to feel the mood for it or the mood it put me in, if this was similar I played the parts together to see how that sounded. ","10% to 20%","In addion to the previous question, I think I knew 3 songs, two of which were used more then once...","No",
"43","2014-05-28 10:28:06","2014-05-28 10:44:56","Complete",,,,"English",,,"1401287286_5385f276171c04.44372332","Mozilla/5.0 (Windows NT 6.1; WOW64) AppleWebKit/537.36 (KHTML, like Gecko) Chrome/35.0.1916.114 Safa","Mozilla/5.0 (Windows NT 6.1; WOW64) AppleWebKit/537.36 (KHTML, like Gecko) Chrome/35.0.1916.114 Safari/537.36","194.109.198.154","4.8768","52.310699","Netherlands","Amstelveen","07",,"1","1","2","1","3","1","2","3","3","1","3","1","2","1","2","3","2","3","3","3","3","1","2","1","3","1","3","2","2","1","3","3","3","1","2","1","2","67","Male","Yes","8","classical",,"No",,"Not familiar with it",,,,,,,,,,,,,,,,,,,,"Classical",,,,"Headphones",,,,,,,"Repeating it in my head and sometimes listening to the first segment for a second time","Less than 10%",,"No",
"44","2014-05-28 14:17:56","2014-05-28 15:11:31","Complete",,,,"English",,,"1401301076_538628546ef576.81999957","Mozilla/5.0 (Macintosh; Intel Mac OS X 10_8_5) AppleWebKit/537.71 (KHTML, like Gecko) Version/6.1 Sa","Mozilla/5.0 (Macintosh; Intel Mac OS X 10_8_5) AppleWebKit/537.71 (KHTML, like Gecko) Version/6.1 Safari/537.71","79.16.42.169","14.3667","40.950001","Italy","Acerra","04","80011","1","2","3","3","3","1","3","3","3","3","3","1","3","1","2","4","3","1","3","3","3","2","3","1","3","1","3","4","3","1","2","4","3","3","3","3","3",,"Male","No",,,,"Yes","beatmaker","Familiar with it",,"Musician/Producer","DJ",,,,,,,,,,,"other","Instrumental Hip Hop",,,"Jazz/Blues",,,,,,"Headphones",,"Laptop speakers",,"Professional monitors",,,"I visualize the sounds I hear as shapes and colors in my mind. It's not a strategy, it's an inner feature of me. So, it depends on what I see. ","20% to 30%","It's been interesting to focus on listening to music in a not ""absolute"" way, but in comparison with other tunes. It's fun, a DJ/selecta does the same.","Yes","silenceandothersounds@gmail.com"
"45","2014-06-01 12:18:22","2014-06-01 15:08:52","Complete",,,,"English",,,"1401639501_538b524defbeb1.98452356","Mozilla/5.0 (Windows NT 5.1; rv:29.0) Gecko/20100101 Firefox/29.0","Mozilla/5.0 (Windows NT 5.1; rv:29.0) Gecko/20100101 Firefox/29.0","84.106.215.125","4.8273","52.664001","Netherlands","Heerhugowaard","07",,"1","2","2","3","1","1","3","3","2","3","2","1","3","1","3","3","2","1","3","1","3","3","2","1","3","1","3","1","3","1","3","2","2","2","3","2","2","24","Male","Yes","7","pop","electronic keyboard","No",,"Somewhat familiar with it","Listener",,,,,,,,,,"Electro","House",,,,,"Electronic","Jazz/Blues","Pop","Classical",,,,,,"Laptop speakers",,,,,"Mostly compared the beat.","Less than 10%","-","Yes","simeonlahaije@hotmail.com"
46,"2014-06-15 09:48:47","2014-06-15 10:05:54","Complete","","","","English","","","1402840127_539da43f156122.36462853","Mozilla/5.0 (Windows NT 6.1; WOW64; rv:29.0) Gecko/20100101 Firefox/29.0","Mozilla/5.0 (Windows NT 6.1; WOW64; rv:29.0) Gecko/20100101 Firefox/29.0","77.250.168.94",4.9167,52.349998,"Netherlands","Amsterdam",7,"",1,1,3,2,3,1,3,4,3,3,3,1,3,1,3,3,3,1,3,2,3,2,3,2,3,1,3,2,3,1,3,3,3,2,3,2,3,28,"Male","Yes",10,"classical, pop","drums, percussion","Yes","I play in a band","Very familiar with it","Listener","","","","","","Techno","","","","Electro","House","","other","italo disco","Rock","Electronic","Jazz/Blues","Pop","Classical","World Music","other","shaman music","Headphones","","","","","","","Primarily I listened to the beats, tempo and clarity of melody.","20% to 30%","It was pleasure listening to the fragments.
The distinction between ""somewhat dissimilar"" and ""somewhat similar"" was not clear to me.","Yes","e_oostra@yahoo.co.uk"
47,"2014-06-18 05:55:21","2014-06-18 06:08:08","Complete","","","","English","","","1403085320_53a16208d94c30.36549954","Mozilla/5.0 (Macintosh; Intel Mac OS X 10_9_3) AppleWebKit/537.75.14 (KHTML, like Gecko) Version/7.0","Mozilla/5.0 (Macintosh; Intel Mac OS X 10_9_3) AppleWebKit/537.75.14 (KHTML, like Gecko) Version/7.0.3 Safari/537.75.14","94.234.170.161",18.049999,59.333302,"Sweden","Stockholm",26,"",1,2,3,2,3,1,3,1,3,2,3,1,3,3,3,1,3,1,3,1,3,1,3,2,3,1,3,1,3,1,3,3,2,1,3,1,3,19,"Male","No","","","","Yes","create electronic music / tour","Very familiar with it","Listener","Musician/Producer","DJ","","","","Techno","","","Breakbeat","","House","Drum and Bass","other","footwork","","Electronic","Jazz/Blues","","","World Music","other","ambient, rap","","","","","Professional monitors","","","listened mostly to the correlation between the sonic landscape and the rhythmic elements","20% to 30%","","Yes","oliver_sehlstedt@hotmail.com"
48,"2014-06-18 07:49:05","2014-06-18 08:14:51","Complete","","","","English","http://l.facebook.com/l.php?u=http%3A%2F%2Fstaff.science.uva.nl%2F%7Eahoningh%2Fsoundexamples%2Fexpe","http://l.facebook.com/l.php?u=http%3A%2F%2Fstaff.science.uva.nl%2F%7Eahoningh%2Fsoundexamples%2Fexperiment.php&h=6AQFKDrR3&enc=AZMCH0wxWy0opiWvKBsa292_yFLRCAJrUY0VaGfjZMzWje3d2YLbOBUwkQiDOTQIEC8X0l9AZzzyRI6c_Bn3fb_ZdXHTuJo4P3DV8no7AOEFBxyc6-3xlcvCkAPmTBMgWnyQaHLkAcBveCrsDi_F3l5U&s=1","1403092145_53a17cb16d4810.84739043","Mozilla/5.0 (Windows NT 6.0; rv:29.0) Gecko/20100101 Firefox/29.0","Mozilla/5.0 (Windows NT 6.0; rv:29.0) Gecko/20100101 Firefox/29.0","62.194.91.191",5.8667,51.833302,"Netherlands","Nijmegen",3,"",1,1,3,3,2,1,3,4,2,2,3,3,3,3,3,3,3,2,2,4,3,4,2,3,3,1,3,3,2,1,3,4,3,4,2,1,2,23,"Female","Yes",7,"classical","recorder","No","","Somewhat familiar with it","Listener","","","","","","Techno","","","","Electro","","Drum and Bass","","","Rock","","","Pop","","","","","Headphones","","","","","","","Counting","10% to 20%","Better to define at the start what you mean with the term ""somewhat"". I think people might have different interpretations.","No",""
